{
  "best_model": "MLP_cw",
  "selection_metric": "accuracy",
  "models": {
    "MLP_cw": {
      "accuracy": 0.6184615384615385,
      "balanced_accuracy": 0.6764980568232318,
      "macro_f1": 0.5128039833787025,
      "weighted_f1": 0.6519064561165726,
      "confusion_matrix": [
        [
          32,
          15,
          2
        ],
        [
          123,
          565,
          307
        ],
        [
          7,
          42,
          207
        ]
      ],
      "classification_report": {
        "0": {
          "precision": 0.19753086419753085,
          "recall": 0.6530612244897959,
          "f1-score": 0.3033175355450237,
          "support": 49.0
        },
        "1": {
          "precision": 0.9083601286173634,
          "recall": 0.5678391959798995,
          "f1-score": 0.6988249845392702,
          "support": 995.0
        },
        "2": {
          "precision": 0.4011627906976744,
          "recall": 0.80859375,
          "f1-score": 0.5362694300518135,
          "support": 256.0
        },
        "accuracy": 0.6184615384615385,
        "macro avg": {
          "precision": 0.5023512611708563,
          "recall": 0.6764980568232318,
          "f1-score": 0.5128039833787025,
          "support": 1300.0
        },
        "weighted avg": {
          "precision": 0.7816884728758156,
          "recall": 0.6184615384615385,
          "f1-score": 0.6519064561165726,
          "support": 1300.0
        }
      }
    }
  }
}